,timestamp,LLDP_LatAccelAuth,LLDP_LongAccelAuth,YRP_YawRateAuth,SWIP_StrgWhlAngAuth,BGI3P_BrkPedPstnAuth,RAVP_WhlAngVelRRrAuth,RAVP_WhlAngVelLRrAuth,TEGP_TrnsShftLvrPstnAuth,VSADP_VehSpdAvgDrvnAuth,ThrPstn
0,1650198283.0, , , ,-2.4375, , , , , , 
1,1650198283.0, , , , ,0.392157, , , , , 
2,1650198283.0, , , , , ,4.488,4.492, , , 
3,1650198283.0,0.125,-0.3125, , , , , , , , 
4,1650198283.0, , ,-0.456, , , , , , , 
5,1650198283.0, , , , , , , ,4.0, , 
6,1650198283.0, , , ,-2.4375, , , , , , 
7,1650198283.0, , , , ,0.392157, , , , , 
8,1650198283.0, , , , , ,4.492,4.496, , , 
9,1650198283.0,0.1875,-0.25, , , , , , , , 
10,1650198283.0, , ,-0.432, , , , , , , 
11,1650198283.0, , , ,-2.4375, , , , , , 
12,1650198283.0, , , , , , , ,4.0, , 
13,1650198283.0, , , , ,0.392157, , , , , 
14,1650198283.0, , , , , ,4.496,4.5, , , 
15,1650198283.0,0.1875,-0.1875, , , , , , , , 
16,1650198283.0, , ,-0.432, , , , , , , 
17,1650198283.0, , , , ,0.392157, , , , , 
18,1650198283.0, , , ,-2.4375, , , , , , 
19,1650198283.0,0.125,-0.1875, , , , , , , , 
20,1650198283.0, , , , , ,4.488,4.5, , , 
21,1650198283.0, , ,-0.432, , , , , , , 
22,1650198283.0, , , , , , , ,4.0, , 
23,1650198283.0, , , , , , , , ,41.5625, 
24,1650198283.0, , , ,-2.4375, , , , , , 
25,1650198283.0, , , , ,0.392157, , , , , 
26,1650198283.0, , , , , ,4.488,4.492, , , 
27,1650198283.0,0.125,-0.1875, , , , , , , , 
28,1650198283.0, , ,-0.432, , , , , , , 
29,1650198283.0, , , , , , , , , ,0.392157
30,1650198283.0, , , , , , , ,4.0, , 
31,1650198283.0, , , ,-2.4375, , , , , , 
32,1650198283.0, , , , ,0.392157, , , , , 
33,1650198283.0, , , , , ,4.488,4.5, , , 
34,1650198283.0,0.125,-0.1875, , , , , , , , 
35,1650198283.0, , ,-0.432, , , , , , , 
36,1650198283.0, , , , , , , ,4.0, , 
37,1650198283.0, , , ,-2.4375, , , , , , 
38,1650198283.0, , , , ,0.392157, , , , , 
39,1650198283.0, , , , , ,4.488,4.492, , , 
40,1650198283.0,0.1875,-0.25, , , , , , , , 
41,1650198283.0, , ,-0.384, , , , , , , 
42,1650198283.0, , , ,-2.4375, , , , , , 
43,1650198283.0, , , , ,0.392157, , , , , 
44,1650198283.0, , , , , , , ,4.0, , 
45,1650198283.0, , , , , ,4.488,4.492, , , 
46,1650198283.0,0.25,-0.25, , , , , , , , 
47,1650198283.0, , ,-0.384, , , , , , , 
48,1650198283.0, , , , ,0.392157, , , , , 
49,1650198283.0, , , ,-2.5, , , , , , 
50,1650198283.0, , , , , ,4.488,4.496, , , 
51,1650198283.0,0.1875,-0.25, , , , , , , , 
52,1650198283.0, , ,-0.384, , , , , , , 
53,1650198283.0, , , , , , , ,4.0, , 
54,1650198283.0, , , ,-2.4375, , , , , , 
55,1650198283.0, , , , ,0.392157, , , , , 
56,1650198283.0, , , , , ,4.492,4.496, , , 
57,1650198283.0,0.125,-0.25, , , , , , , , 
58,1650198283.0, , ,-0.408, , , , , , , 
59,1650198283.0, , , , , , , ,4.0, , 
60,1650198283.0, , , ,-2.5, , , , , , 
61,1650198283.0, , , , ,0.392157, , , , , 
62,1650198283.0, , , , , ,4.492,4.5, , , 
63,1650198283.0,0.125,-0.25, , , , , , , , 
64,1650198283.0, , ,-0.432, , , , , , , 
65,1650198283.0, , , , , , , ,4.0, , 
66,1650198283.0, , , ,-2.5, , , , , , 
67,1650198283.0, , , , ,0.392157, , , , , 
68,1650198283.0, , , , , ,4.492,4.496, , , 
69,1650198283.0,0.1875,-0.1875, , , , , , , , 
70,1650198283.0, , ,-0.408, , , , , , , 
71,1650198283.0, , , ,-2.5, , , , , , 
72,1650198283.0, , , , ,0.392157, , , , , 
73,1650198283.0, , , , , , , ,4.0, , 
74,1650198283.0, , , , , ,4.492,4.484, , , 
75,1650198283.0,0.1875,-0.1875, , , , , , , , 
76,1650198283.0, , ,-0.336, , , , , , , 
77,1650198283.0, , , , ,0.392157, , , , , 
78,1650198283.0, , , ,-2.5, , , , , , 
79,1650198283.0, , , , , ,4.492,4.488, , , 
80,1650198283.0,0.1875,-0.25, , , , , , , , 
81,1650198283.0, , ,-0.288, , , , , , , 
82,1650198283.0, , , , , , , ,4.0, , 
83,1650198283.0, , , , , , , , ,41.578125, 
84,1650198283.0, , , ,-2.5, , , , , , 
85,1650198283.0, , , , ,0.392157, , , , , 
86,1650198283.0, , , , , ,4.488,4.48, , , 
87,1650198283.0,0.1875,-0.25, , , , , , , , 
88,1650198283.0, , ,-0.336, , , , , , , 
89,1650198283.0, , , , , , , , , ,0.392157
90,1650198283.0, , , , , , , ,4.0, , 
91,1650198283.0, , , ,-2.5625, , , , , , 
92,1650198283.0, , , , ,0.392157, , , , , 
93,1650198283.0, , , , , ,4.488,4.488, , , 
94,1650198283.0,0.125,-0.25, , , , , , , , 
95,1650198283.0, , ,-0.432, , , , , , , 
96,1650198283.0, , , , , , , ,4.0, , 
97,1650198283.0, , , ,-2.5625, , , , , , 
98,1650198283.0, , , , , , , , , , 
99,1650198283.0, , , , ,0.392157, , , , , 
100,1650198283.0, , , , , ,4.496,4.492, , , 
101,1650198283.0,0.0625,-0.1875, , , , , , , , 
102,1650198283.0, , ,-0.552, , , , , , , 
103,1650198283.0, , , ,-2.5625, , , , , , 
104,1650198283.0, , , , ,0.392157, , , , , 
105,1650198283.0, , , , , , , ,4.0, , 
106,1650198283.0, , , , , ,4.488,4.488, , , 
107,1650198283.0,0.0625,-0.1875, , , , , , , , 
108,1650198283.0, , ,-0.624, , , , , , , 
109,1650198283.0, , , , ,0.392157, , , , , 
110,1650198283.0, , , ,-2.625, , , , , , 
111,1650198283.0, , , , , ,4.496,4.492, , , 
112,1650198283.0,0.0625,-0.25, , , , , , , , 
113,1650198283.0, , ,-0.624, , , , , , , 
114,1650198283.0, , , , , , , ,4.0, , 
115,1650198283.0, , , , ,0.392157, , , , , 
116,1650198283.0, , , ,-2.625, , , , , , 
117,1650198283.0, , , , , ,4.5,4.484, , , 
118,1650198283.0,0.0625,-0.25, , , , , , , , 
119,1650198283.0, , ,-0.552, , , , , , , 
120,1650198283.0, , , , , , , ,4.0, , 
121,1650198283.0, , , , , , , , , , 
122,1650198283.0, , , ,-2.6875, , , , , , 
123,1650198283.0, , , , ,0.392157, , , , , 
124,1650198283.0, , , , , ,4.488,4.492, , , 
125,1650198283.0,0.125,-0.3125, , , , , , , , 
126,1650198283.0, , ,-0.504, , , , , , , 
127,1650198283.0, , , , , , , ,4.0, , 
128,1650198283.0, , , ,-2.75, , , , , , 
129,1650198283.0, , , , ,0.392157, , , , , 
130,1650198283.0, , , , , ,4.5,4.492, , , 
131,1650198283.0,0.125,-0.3125, , , , , , , , 
132,1650198283.0, , ,-0.48, , , , , , , 
133,1650198283.0, , , ,-2.75, , , , , , 
134,1650198283.0, , , , ,0.392157, , , , , 
135,1650198283.0, , , , , , , ,4.0, , 
136,1650198283.0, , , , , ,4.488,4.492, , , 
137,1650198283.0,0.125,-0.1875, , , , , , , , 
138,1650198283.0, , ,-0.528, , , , , , , 
139,1650198283.0, , , , ,0.392157, , , , , 
140,1650198283.0, , , ,-2.75, , , , , , 
141,1650198283.0, , , , , ,4.492,4.492, , , 
142,1650198283.0,0.125,-0.125, , , , , , , , 
143,1650198283.0, , ,-0.552, , , , , , , 
144,1650198283.0, , , , , , , ,4.0, , 
145,1650198283.0, , , , , , , , ,41.578125, 
146,1650198283.0, , , ,-2.75, , , , , , 
147,1650198283.0, , , , ,0.392157, , , , , 
148,1650198283.0, , , , , ,4.492,4.492, , , 
149,1650198283.0,0.0625,-0.125, , , , , , , , 
150,1650198283.0, , ,-0.552, , , , , , , 
151,1650198283.0, , , , , , , , , ,0.392157
152,1650198283.0, , , , , , , ,4.0, , 
153,1650198283.0, , , ,-2.8125, , , , , , 
154,1650198283.0, , , , ,0.392157, , , , , 
155,1650198283.0, , , , , ,4.48,4.492, , , 
156,1650198283.0,0.0625,-0.1875, , , , , , , , 
157,1650198283.0, , ,-0.528, , , , , , , 
158,1650198283.0, , , , , , , ,4.0, , 
159,1650198283.0, , , ,-2.875, , , , , , 
160,1650198283.0, , , , ,0.392157, , , , , 
161,1650198283.0, , , , , ,4.488,4.488, , , 
162,1650198283.0,0.125,-0.25, , , , , , , , 
163,1650198283.0, , ,-0.456, , , , , , , 
164,1650198283.0, , , ,-3.0, , , , , , 
165,1650198283.0, , , , , , , ,4.0, , 
166,1650198283.0, , , , ,0.392157, , , , , 
167,1650198283.0, , , , , ,4.484,4.484, , , 
168,1650198283.0,0.1875,-0.3125, , , , , , , , 
169,1650198283.0, , ,-0.432, , , , , , , 
170,1650198283.0, , , ,-3.125, , , , , , 
171,1650198283.0, , , , ,0.392157, , , , , 
172,1650198283.0, , , , , ,4.484,4.488, , , 
173,1650198283.0,0.1875,-0.3125, , , , , , , , 
174,1650198283.0, , ,-0.432, , , , , , , 
175,1650198283.0, , , , , , , ,4.0, , 
176,1650198283.0, , , ,-3.125, , , , , , 
177,1650198283.0, , , , ,0.392157, , , , , 
178,1650198283.0, , , , , ,4.492,4.488, , , 
179,1650198283.0,0.125,-0.3125, , , , , , , , 
180,1650198283.0, , ,-0.432, , , , , , , 
181,1650198283.0, , , , , , , ,4.0, , 
182,1650198283.0, , , ,-3.1875, , , , , , 
183,1650198283.0, , , , ,0.392157, , , , , 
184,1650198283.0, , , , , ,4.48,4.496, , , 
185,1650198283.0,0.0625,-0.25, , , , , , , , 
186,1650198283.0, , ,-0.456, , , , , , , 
187,1650198283.0, , , , , , , ,4.0, , 
188,1650198283.0, , , ,-3.25, , , , , , 
189,1650198283.0, , , , ,0.392157, , , , , 
190,1650198283.0, , , , , ,4.488,4.492, , , 
191,1650198283.0,0.0,-0.1875, , , , , , , , 
192,1650198283.0, , ,-0.48, , , , , , , 
193,1650198283.0, , , ,-3.3125, , , , , , 
194,1650198283.0, , , , ,0.392157, , , , , 
195,1650198283.0, , , , , , , ,4.0, , 
196,1650198283.0, , , , , ,4.484,4.492, , , 
197,1650198283.0,0.0,-0.1875, , , , , , , , 
198,1650198283.0, , ,-0.504, , , , , , , 
199,1650198283.0, , , ,-3.375, , , , , , 
200,1650198283.0, , , , ,0.392157, , , , , 
201,1650198283.0, , , , , ,4.488,4.488, , , 
202,1650198283.0,0.0625,-0.1875, , , , , , , , 
203,1650198283.0, , ,-0.48, , , , , , , 
204,1650198283.0, , , , , , , ,4.0, , 
205,1650198283.0, , , , , , , , ,41.578125, 
206,1650198283.0, , , ,-3.375, , , , , , 
207,1650198283.0, , , , ,0.392157, , , , , 
208,1650198283.0, , , , , ,4.488,4.48, , , 
209,1650198283.0,0.0625,-0.25, , , , , , , , 
210,1650198283.0, , ,-0.48, , , , , , , 
211,1650198283.0, , , , , , , , , ,0.392157
212,1650198283.0, , , , , , , ,4.0, , 
213,1650198283.0, , , ,-3.4375, , , , , , 
214,1650198283.0, , , , ,0.392157, , , , , 
215,1650198283.0, , , , , ,4.488,4.492, , , 
216,1650198283.0,0.125,-0.25, , , , , , , , 
217,1650198283.0, , ,-0.504, , , , , , , 
218,1650198283.0, , , , , , , ,4.0, , 
219,1650198283.0, , , ,-3.4375, , , , , , 
220,1650198283.0, , , , ,0.392157, , , , , 
221,1650198283.0, , , , , ,4.492,4.488, , , 
222,1650198283.0,0.1875,-0.25, , , , , , , , 
223,1650198283.0, , ,-0.528, , , , , , , 
224,1650198283.0, , , ,-3.4375, , , , , , 
225,1650198283.0, , , , ,0.392157, , , , , 
226,1650198283.0, , , , , , , ,4.0, , 
227,1650198283.0, , , , , ,4.496,4.48, , , 
228,1650198283.0,0.125,-0.25, , , , , , , , 
229,1650198283.0, , ,-0.552, , , , , , , 
230,1650198283.0, , , ,-3.4375, , , , , , 
231,1650198283.0, , , , ,0.392157, , , , , 
232,1650198283.0, , , , , ,4.484,4.484, , , 
233,1650198283.0,0.125,-0.1875, , , , , , , , 
234,1650198283.0, , ,-0.576, , , , , , , 
235,1650198283.0, , , , , , , ,4.0, , 
236,1650198283.0, , , ,-3.5, , , , , , 
237,1650198283.0, , , , ,0.392157, , , , , 
238,1650198283.0, , , , , ,4.492,4.48, , , 
239,1650198283.0,0.0625,-0.125, , , , , , , , 
240,1650198283.0, , ,-0.552, , , , , , , 
241,1650198283.0, , , , , , , ,4.0, , 
242,1650198283.0, , , ,-3.5, , , , , , 
243,1650198283.0, , , , ,0.392157, , , , , 
244,1650198283.0, , , , , ,4.488,4.48, , , 
245,1650198283.0,0.0625,-0.125, , , , , , , , 
246,1650198283.0, , ,-0.504, , , , , , , 
247,1650198283.0, , , , , , , ,4.0, , 
248,1650198283.0, , , , , , , , , , 
249,1650198283.0, , , ,-3.5, , , , , , 
250,1650198283.0, , , , ,0.392157, , , , , 
251,1650198283.0, , , , , ,4.488,4.492, , , 
252,1650198283.0,0.125,-0.1875, , , , , , , , 
253,1650198283.0, , ,-0.48, , , , , , , 
254,1650198283.0, , , ,-3.5, , , , , , 
255,1650198283.0, , , , , , , ,4.0, , 
256,1650198283.0, , , , ,0.392157, , , , , 
257,1650198283.0, , , , , ,4.48,4.488, , , 
258,1650198283.0,0.125,-0.25, , , , , , , , 
259,1650198283.0, , ,-0.528, , , , , , , 
260,1650198283.0, , , ,-3.5625, , , , , , 
261,1650198283.0, , , , ,0.392157, , , , , 
262,1650198283.0,0.0625,-0.25, , , , , , , , 
263,1650198283.0, , , , , ,4.492,4.488, , , 
264,1650198283.0, , ,-0.6, , , , , , , 
265,1650198283.0, , , , , , , ,4.0, , 
266,1650198283.0, , , , , , , , ,41.484375, 
267,1650198284.0, , , ,-3.5625, , , , , , 
268,1650198284.0, , , , ,0.392157, , , , , 
269,1650198284.0, , , , , ,4.484,4.492, , , 
270,1650198284.0,0.0,-0.25, , , , , , , , 
271,1650198284.0, , ,-0.648, , , , , , , 
272,1650198284.0, , , , , , , , , ,0.392157
273,1650198284.0, , , , , , , ,4.0, , 
274,1650198284.0, , , , , , , , , , 
275,1650198284.0, , , ,-3.5625, , , , , , 
276,1650198284.0, , , , ,0.392157, , , , , 
277,1650198284.0, , , , , ,4.476,4.492, , , 
278,1650198284.0,0.0,-0.1875, , , , , , , , 
279,1650198284.0, , ,-0.672, , , , , , , 
280,1650198284.0, , , , , , , ,4.0, , 
281,1650198284.0, , , ,-3.5625, , , , , , 
282,1650198284.0, , , , ,0.392157, , , , , 
283,1650198284.0, , , , , ,4.484,4.492, , , 
284,1650198284.0,0.0,-0.125, , , , , , , , 
285,1650198284.0, , ,-0.624, , , , , , , 
286,1650198284.0, , , ,-3.5625, , , , , , 
287,1650198284.0, , , , ,0.392157, , , , , 
288,1650198284.0, , , , , , , ,4.0, , 
289,1650198284.0, , , , , ,4.484,4.492, , , 
290,1650198284.0,0.0,-0.1875, , , , , , , , 
291,1650198284.0, , ,-0.576, , , , , , , 
292,1650198284.0, , , ,-3.5625, , , , , , 
293,1650198284.0, , , , ,0.392157, , , , , 
294,1650198284.0, , , , , ,4.48,4.492, , , 
295,1650198284.0,0.0,-0.25, , , , , , , , 
296,1650198284.0, , ,-0.576, , , , , , , 
297,1650198284.0, , , , , , , ,4.0, , 
298,1650198284.0, , , ,-3.5625, , , , , , 
299,1650198284.0, , , , ,0.392157, , , , , 
300,1650198284.0, , , , , ,4.476,4.48, , , 
301,1650198284.0,0.0625,-0.3125, , , , , , , , 
302,1650198284.0, , ,-0.576, , , , , , , 
303,1650198284.0, , , , , , , ,4.0, , 
304,1650198284.0, , , ,-3.5625, , , , , , 
305,1650198284.0, , , , ,0.392157, , , , , 
306,1650198284.0, , , , , ,4.472,4.484, , , 
307,1650198284.0,0.125,-0.25, , , , , , , , 
308,1650198284.0, , ,-0.552, , , , , , , 
309,1650198284.0, , , , , , , ,4.0, , 
310,1650198284.0, , , ,-3.5625, , , , , , 
311,1650198284.0, , , , ,0.392157, , , , , 
312,1650198284.0, , , , , ,4.48,4.484, , , 
313,1650198284.0,0.1875,-0.25, , , , , , , , 
314,1650198284.0, , ,-0.552, , , , , , , 
315,1650198284.0, , , ,-3.5625, , , , , , 
316,1650198284.0, , , , , , , ,4.0, , 
317,1650198284.0, , , , ,0.392157, , , , , 
318,1650198284.0, , , , , ,4.48,4.48, , , 
319,1650198284.0,0.1875,-0.1875, , , , , , , , 
320,1650198284.0, , ,-0.504, , , , , , , 
321,1650198284.0, , , ,-3.5625, , , , , , 
322,1650198284.0, , , , ,0.392157, , , , , 
323,1650198284.0,0.125,-0.125, , , , , , , , 
324,1650198284.0, , , , , ,4.476,4.476, , , 
325,1650198284.0, , ,-0.504, , , , , , , 
326,1650198284.0, , , , , , , ,4.0, , 
327,1650198284.0, , , , , , , , ,41.515625, 
328,1650198284.0, , , ,-3.5625, , , , , , 
329,1650198284.0, , , , ,0.392157, , , , , 
330,1650198284.0, , , , , ,4.48,4.48, , , 
331,1650198284.0,0.125,-0.1875, , , , , , , , 
332,1650198284.0, , ,-0.528, , , , , , , 
333,1650198284.0, , , , , , , , , ,0.392157
334,1650198284.0, , , , , , , ,4.0, , 
335,1650198284.0, , , ,-3.5625, , , , , , 
336,1650198284.0, , , , ,0.392157, , , , , 
337,1650198284.0, , , , , ,4.48,4.48, , , 
338,1650198284.0,0.125,-0.25, , , , , , , , 
339,1650198284.0, , ,-0.6, , , , , , , 
340,1650198284.0, , , , , , , ,4.0, , 
341,1650198284.0, , , ,-3.5625, , , , , , 
342,1650198284.0, , , , ,0.392157, , , , , 
343,1650198284.0, , , , , ,4.476,4.48, , , 
344,1650198284.0,0.125,-0.3125, , , , , , , , 
345,1650198284.0, , ,-0.624, , , , , , , 
346,1650198284.0, , , ,-3.5625, , , , , , 
347,1650198284.0, , , , , , , ,4.0, , 
348,1650198284.0, , , , ,0.392157, , , , , 
349,1650198284.0, , , , , ,4.476,4.472, , , 
350,1650198284.0,0.125,-0.25, , , , , , , , 
351,1650198284.0, , ,-0.672, , , , , , , 
352,1650198284.0, , , ,-3.5625, , , , , , 
353,1650198284.0, , , , ,0.392157, , , , , 
354,1650198284.0, , , , , ,4.48,4.472, , , 
355,1650198284.0,0.125,-0.1875, , , , , , , , 
356,1650198284.0, , ,-0.696, , , , , , , 
357,1650198284.0, , , , , , , ,4.0, , 
358,1650198284.0, , , ,-3.5625, , , , , , 
359,1650198284.0, , , , ,0.392157, , , , , 
360,1650198284.0, , , , , ,4.48,4.472, , , 
361,1650198284.0,0.0625,-0.1875, , , , , , , , 
362,1650198284.0, , ,-0.696, , , , , , , 
363,1650198284.0, , , , , , , ,4.0, , 
364,1650198284.0, , , ,-3.5625, , , , , , 
365,1650198284.0, , , , ,0.392157, , , , , 
366,1650198284.0, , , , , ,4.468,4.468, , , 
367,1650198284.0,0.0625,-0.1875, , , , , , , , 
368,1650198284.0, , ,-0.672, , , , , , , 
369,1650198284.0, , , , , , , ,4.0, , 
370,1650198284.0, , , ,-3.5625, , , , , , 
371,1650198284.0, , , , ,0.392157, , , , , 
372,1650198284.0, , , , , ,4.484,4.476, , , 
373,1650198284.0,0.125,-0.1875, , , , , , , , 
374,1650198284.0, , ,-0.672, , , , , , , 
375,1650198284.0, , , , , , , ,4.0, , 
376,1650198284.0, , , ,-3.5, , , , , , 
377,1650198284.0, , , , ,0.392157, , , , , 
378,1650198284.0, , , , , ,4.472,4.484, , , 
379,1650198284.0,0.125,-0.1875, , , , , , , , 
380,1650198284.0, , ,-0.696, , , , , , , 
381,1650198284.0, , , ,-3.5, , , , , , 
382,1650198284.0, , , , ,0.392157, , , , , 
383,1650198284.0, , , , , ,4.48,4.48, , , 
384,1650198284.0,0.0625,-0.1875, , , , , , , , 
385,1650198284.0, , ,-0.696, , , , , , , 
386,1650198284.0, , , , , , , ,4.0, , 
387,1650198284.0, , , , , , , , ,41.390625, 
388,1650198284.0, , , ,-3.5, , , , , , 
389,1650198284.0, , , , ,0.392157, , , , , 
390,1650198284.0, , , , , ,4.476,4.476, , , 
391,1650198284.0,0.0,-0.1875, , , , , , , , 
392,1650198284.0, , ,-0.648, , , , , , , 
393,1650198284.0, , , , , , , , , ,0.392157
394,1650198284.0, , , , , , , ,4.0, , 
395,1650198284.0, , , ,-3.5, , , , , , 
396,1650198284.0, , , , ,0.392157, , , , , 
397,1650198284.0, , , , , ,4.476,4.48, , , 
398,1650198284.0,0.0,-0.1875, , , , , , , , 
399,1650198284.0, , ,-0.624, , , , , , , 
400,1650198284.0, , , , , , , ,4.0, , 
401,1650198284.0, , , , , , , , , , 
402,1650198284.0, , , ,-3.5, , , , , , 
403,1650198284.0, , , , ,0.392157, , , , , 
404,1650198284.0, , , , , ,4.48,4.48, , , 
405,1650198284.0,0.0,-0.25, , , , , , , , 
406,1650198284.0, , ,-0.624, , , , , , , 
407,1650198284.0, , , ,-3.4375, , , , , , 
408,1650198284.0, , , , , , , ,4.0, , 
409,1650198284.0, , , , ,0.392157, , , , , 
410,1650198284.0, , , , , ,4.472,4.488, , , 
411,1650198284.0,0.0,-0.25, , , , , , , , 
412,1650198284.0, , ,-0.624, , , , , , , 
413,1650198284.0, , , ,-3.4375, , , , , , 
414,1650198284.0, , , , ,0.392157, , , , , 
415,1650198284.0, , , , , ,4.48,4.492, , , 
416,1650198284.0,0.0,-0.1875, , , , , , , , 
417,1650198284.0, , ,-0.648, , , , , , , 
418,1650198284.0, , , , , , , ,4.0, , 
419,1650198284.0, , , ,-3.375, , , , , , 
420,1650198284.0, , , , ,0.392157, , , , , 
421,1650198284.0, , , , , ,4.48,4.504, , , 
422,1650198284.0,0.0,-0.125, , , , , , , , 
423,1650198284.0, , ,-0.648, , , , , , , 
424,1650198284.0, , , , , , , ,4.0, , 
425,1650198284.0, , , , , , , , , , 
426,1650198284.0, , , ,-3.3125, , , , , , 
427,1650198284.0, , , , ,0.392157, , , , , 
428,1650198284.0, , , , , ,4.472,4.496, , , 
429,1650198284.0,0.0,-0.1875, , , , , , , , 
430,1650198284.0, , ,-0.648, , , , , , , 
431,1650198284.0, , , , , , , ,4.0, , 
432,1650198284.0, , , ,-3.3125, , , , , , 
433,1650198284.0, , , , ,0.392157, , , , , 
434,1650198284.0, , , , , ,4.468,4.48, , , 
435,1650198284.0,0.0,-0.1875, , , , , , , , 
436,1650198284.0, , ,-0.624, , , , , , , 
437,1650198284.0, , , ,-3.25, , , , , , 
438,1650198284.0, , , , ,0.392157, , , , , 
439,1650198284.0, , , , , , , ,4.0, , 
440,1650198284.0, , , , , ,4.468,4.472, , , 
441,1650198284.0,0.0,-0.1875, , , , , , , , 
442,1650198284.0, , ,-0.552, , , , , , , 
443,1650198284.0, , , ,-3.1875, , , , , , 
444,1650198284.0, , , , ,0.392157, , , , , 
445,1650198284.0, , , , , ,4.472,4.468, , , 
446,1650198284.0,0.0625,-0.25, , , , , , , , 
447,1650198284.0, , ,-0.48, , , , , , , 
448,1650198284.0, , , , , , , ,4.0, , 
449,1650198284.0, , , , , , , , ,41.4375, 
450,1650198284.0, , , ,-3.125, , , , , , 
451,1650198284.0, , , , ,0.392157, , , , , 
452,1650198284.0, , , , , ,4.472,4.476, , , 
453,1650198284.0,0.125,-0.3125, , , , , , , , 
454,1650198284.0, , ,-0.408, , , , , , , 
455,1650198284.0, , , , , , , , , ,0.392157
456,1650198284.0, , , , , , , ,4.0, , 
457,1650198284.0, , , ,-3.125, , , , , , 
458,1650198284.0, , , , ,0.392157, , , , , 
459,1650198284.0, , , , , ,4.48,4.476, , , 
460,1650198284.0,0.1875,-0.25, , , , , , , , 
461,1650198284.0, , ,-0.408, , , , , , , 
462,1650198284.0, , , , , , , ,4.0, , 
463,1650198284.0, , , ,-3.0625, , , , , , 
464,1650198284.0, , , , ,0.392157, , , , , 
465,1650198284.0, , , , , ,4.476,4.476, , , 
466,1650198284.0,0.125,-0.25, , , , , , , , 
467,1650198284.0, , ,-0.432, , , , , , , 
468,1650198284.0, , , ,-3.0625, , , , , , 
469,1650198284.0, , , , , , , ,4.0, , 
470,1650198284.0, , , , ,0.392157, , , , , 
471,1650198284.0, , , , , ,4.476,4.476, , , 
472,1650198284.0,0.0625,-0.1875, , , , , , , , 
473,1650198284.0, , ,-0.456, , , , , , , 
474,1650198284.0, , , ,-3.0625, , , , , , 
475,1650198284.0, , , , ,0.392157, , , , , 
476,1650198284.0, , , , , ,4.476,4.472, , , 
477,1650198284.0,0.125,-0.1875, , , , , , , , 
478,1650198284.0, , ,-0.432, , , , , , , 
479,1650198284.0, , , , , , , ,4.0, , 
480,1650198284.0, , , ,-3.0625, , , , , , 
481,1650198284.0, , , , ,0.392157, , , , , 
482,1650198284.0, , , , , ,4.48,4.472, , , 
483,1650198284.0,0.25,-0.1875, , , , , , , , 
484,1650198284.0, , ,-0.36, , , , , , , 
485,1650198284.0, , , , , , , ,4.0, , 
486,1650198284.0, , , ,-3.0625, , , , , , 
487,1650198284.0, , , , ,0.392157, , , , , 
488,1650198284.0, , , , , ,4.472,4.464, , , 
489,1650198284.0,0.3125,-0.1875, , , , , , , , 
490,1650198284.0, , ,-0.336, , , , , , , 
491,1650198284.0, , , , , , , ,4.0, , 
492,1650198284.0, , , ,-3.0625, , , , , , 
493,1650198284.0, , , , ,0.392157, , , , , 
494,1650198284.0, , , , , ,4.472,4.464, , , 
495,1650198284.0,0.25,-0.1875, , , , , , , , 
496,1650198284.0, , ,-0.36, , , , , , , 
497,1650198284.0, , , ,-3.0625, , , , , , 
498,1650198284.0, , , , , , , ,4.0, , 
499,1650198284.0, , , , ,0.392157, , , , , 
500,1650198284.0, , , , , ,4.472,4.476, , , 
501,1650198284.0,0.1875,-0.25, , , , , , , , 
502,1650198284.0, , ,-0.432, , , , , , , 
503,1650198284.0, , , ,-3.0625, , , , , , 
504,1650198284.0, , , , ,0.392157, , , , , 
505,1650198284.0,0.125,-0.25, , , , , , , , 
506,1650198284.0, , , , , ,4.476,4.468, , , 
507,1650198284.0, , ,-0.528, , , , , , , 
508,1650198284.0, , , , , , , ,4.0, , 
509,1650198284.0, , , , , , , , ,41.421875, 
510,1650198284.0, , , ,-3.0625, , , , , , 
511,1650198284.0, , , , ,0.392157, , , , , 
512,1650198284.0, , , , , ,4.476,4.476, , , 
513,1650198284.0,0.125,-0.25, , , , , , , , 
514,1650198284.0, , ,-0.552, , , , , , , 
515,1650198284.0, , , , , , , , , ,0.392157
516,1650198284.0, , , , , , , ,4.0, , 
517,1650198284.0, , , ,-3.0625, , , , , , 
518,1650198284.0, , , , ,0.392157, , , , , 
519,1650198284.0, , , , , ,4.484,4.472, , , 
520,1650198284.0,0.1875,-0.25, , , , , , , , 
521,1650198284.0, , ,-0.528, , , , , , , 
522,1650198284.0, , , , , , , ,4.0, , 
523,1650198284.0, , , ,-3.0625, , , , , , 
524,1650198284.0, , , , ,0.392157, , , , , 
525,1650198284.0, , , , , ,4.48,4.472, , , 
526,1650198284.0,0.1875,-0.25, , , , , , , , 
527,1650198284.0, , ,-0.456, , , , , , , 
528,1650198284.0, , , ,-3.0625, , , , , , 
529,1650198284.0, , , , , , , ,4.0, , 
530,1650198284.0, , , , ,0.392157, , , , , 
531,1650198284.0, , , , , ,4.468,4.476, , , 
532,1650198284.0,0.125,-0.1875, , , , , , , , 
533,1650198284.0, , ,-0.408, , , , , , , 
534,1650198284.0, , , ,-3.0625, , , , , , 
535,1650198284.0, , , , ,0.392157, , , , , 
536,1650198284.0, , , , , ,4.476,4.468, , , 
537,1650198284.0,0.125,-0.1875, , , , , , , , 
538,1650198284.0, , ,-0.432, , , , , , , 
539,1650198284.0, , , , , , , ,4.0, , 
540,1650198284.0, , , ,-3.0625, , , , , , 
541,1650198284.0, , , , ,0.392157, , , , , 
542,1650198284.0, , , , , ,4.472,4.476, , , 
543,1650198284.0,0.125,-0.1875, , , , , , , , 
544,1650198284.0, , ,-0.504, , , , , , , 
545,1650198284.0, , , , , , , ,4.0, , 
546,1650198284.0, , , ,-3.0625, , , , , , 
547,1650198284.0, , , , ,0.392157, , , , , 
548,1650198284.0, , , , , ,4.48,4.48, , , 
549,1650198284.0,0.0625,-0.25, , , , , , , , 
550,1650198284.0, , ,-0.552, , , , , , , 
551,1650198284.0, , , , , , , ,4.0, , 
552,1650198284.0, , , , , , , , , , 
553,1650198284.0, , , ,-3.0625, , , , , , 
554,1650198284.0, , , , ,0.392157, , , , , 
555,1650198284.0, , , , , ,4.476,4.476, , , 
556,1650198284.0,0.0625,-0.25, , , , , , , , 
557,1650198284.0, , ,-0.552, , , , , , , 
558,1650198284.0, , , ,-3.0625, , , , , , 
559,1650198284.0, , , , , , , ,4.0, , 
560,1650198284.0, , , , ,0.392157, , , , , 
561,1650198284.0, , , , , ,4.472,4.492, , , 
562,1650198284.0,0.0,-0.25, , , , , , , , 
563,1650198284.0, , ,-0.48, , , , , , , 
564,1650198284.0, , , ,-3.0625, , , , , , 
565,1650198284.0, , , , ,0.392157, , , , , 
566,1650198284.0, , , , , ,4.468,4.488, , , 
567,1650198284.0,0.0,-0.25, , , , , , , , 
568,1650198284.0, , ,-0.432, , , , , , , 
569,1650198284.0, , , , , , , ,4.0, , 
570,1650198284.0, , , , , , , , ,41.484375, 
571,1650198284.0, , , ,-3.0, , , , , , 
572,1650198284.0, , , , ,0.392157, , , , , 
573,1650198284.0, , , , , ,4.464,4.48, , , 
574,1650198284.0,0.0,-0.1875, , , , , , , , 
575,1650198284.0, , ,-0.432, , , , , , , 
576,1650198284.0, , , , , , , , , ,0.392157
577,1650198284.0, , , , , , , ,4.0, , 
578,1650198284.0, , , , , , , , , , 
579,1650198284.0, , , ,-3.0, , , , , , 
580,1650198284.0, , , , ,0.392157, , , , , 
581,1650198284.0, , , , , ,4.472,4.48, , , 
582,1650198284.0,0.0,-0.125, , , , , , , , 
583,1650198284.0, , ,-0.456, , , , , , , 
584,1650198284.0, , , , , , , ,4.0, , 
585,1650198284.0, , , ,-3.0, , , , , , 
586,1650198284.0, , , , ,0.392157, , , , , 
587,1650198284.0, , , , , ,4.472,4.476, , , 
588,1650198284.0,0.0,-0.125, , , , , , , , 
589,1650198284.0, , ,-0.48, , , , , , , 
590,1650198284.0, , , ,-3.0, , , , , , 
591,1650198284.0, , , , , , , ,4.0, , 
592,1650198284.0, , , , ,0.392157, , , , , 
593,1650198284.0, , , , , ,4.468,4.48, , , 
594,1650198284.0,0.0,-0.1875, , , , , , , , 
595,1650198284.0, , ,-0.456, , , , , , , 
596,1650198284.0, , , ,-3.0, , , , , , 
597,1650198284.0, , , , ,0.392157, , , , , 
598,1650198284.0, , , , , ,4.472,4.476, , , 
599,1650198284.0,0.125,-0.3125, , , , , , , , 
600,1650198284.0, , ,-0.432, , , , , , , 
601,1650198284.0, , , , , , , ,4.0, , 
602,1650198284.0, , , ,-2.875, , , , , , 
603,1650198284.0, , , , ,0.392157, , , , , 
604,1650198284.0, , , , , ,4.48,4.484, , , 
605,1650198284.0,0.125,-0.4375, , , , , , , , 
606,1650198284.0, , ,-0.408, , , , , , , 
607,1650198284.0, , , , , , , ,4.0, , 
608,1650198284.0, , , ,-2.8125, , , , , , 
609,1650198284.0, , , , ,0.392157, , , , , 
610,1650198284.0, , , , , ,4.48,4.48, , , 
611,1650198284.0,0.125,-0.5, , , , , , , , 
612,1650198284.0, , ,-0.384, , , , , , , 
613,1650198284.0, , , , , , , ,4.0, , 
614,1650198284.0, , , ,-2.875, , , , , , 
615,1650198284.0, , , , ,0.392157, , , , , 
616,1650198284.0,0.0625,-0.3125, , , , , , , , 
617,1650198284.0, , , , , ,4.464,4.464, , , 
618,1650198284.0, , ,-0.384, , , , , , , 
619,1650198284.0, , , ,-2.8125, , , , , , 
620,1650198284.0, , , , , , , ,4.0, , 
621,1650198284.0, , , , ,0.392157, , , , , 
622,1650198284.0, , , , , ,4.48,4.48, , , 
623,1650198284.0,0.0,-0.125, , , , , , , , 
624,1650198284.0, , ,-0.432, , , , , , , 
625,1650198284.0, , , ,-2.75, , , , , , 
626,1650198284.0, , , , ,0.392157, , , , , 
627,1650198284.0,0.0625,-0.125, , , , , , , , 
628,1650198284.0, , , , , ,4.488,4.48, , , 
629,1650198284.0, , ,-0.528, , , , , , , 
630,1650198284.0, , , , , , , ,4.0, , 
631,1650198284.0, , , , , , , , ,41.4375, 
632,1650198284.0, , , ,-2.75, , , , , , 
633,1650198284.0, , , , ,0.392157, , , , , 
634,1650198284.0, , , , , ,4.484,4.472, , , 
635,1650198284.0,0.1875,-0.25, , , , , , , , 
636,1650198284.0, , ,-0.552, , , , , , , 
637,1650198284.0, , , , , , , , , ,0.392157
638,1650198284.0, , , , , , , ,4.0, , 
639,1650198284.0, , , ,-2.75, , , , , , 
640,1650198284.0, , , , ,0.392157, , , , , 
641,1650198284.0, , , , , ,4.48,4.472, , , 
642,1650198284.0,0.3125,-0.375, , , , , , , , 
643,1650198284.0, , ,-0.48, , , , , , , 
644,1650198284.0, , , , , , , ,4.0, , 
645,1650198284.0, , , ,-2.75, , , , , , 
646,1650198284.0, , , , ,0.392157, , , , , 
647,1650198284.0, , , , , ,4.48,4.476, , , 
648,1650198284.0,0.375,-0.375, , , , , , , , 
649,1650198284.0, , ,-0.336, , , , , , , 
650,1650198284.0, , , ,-2.8125, , , , , , 
651,1650198284.0, , , , , , , ,4.0, , 
652,1650198284.0, , , , ,0.392157, , , , , 
653,1650198284.0, , , , , ,4.48,4.488, , , 
654,1650198284.0,0.25,-0.25, , , , , , , , 
655,1650198284.0, , ,-0.264, , , , , , , 
656,1650198284.0, , , ,-2.8125, , , , , , 
657,1650198284.0, , , , ,0.392157, , , , , 
658,1650198284.0, , , , , ,4.492,4.488, , , 
659,1650198284.0,0.125,0.0, , , , , , , , 
660,1650198284.0, , ,-0.336, , , , , , , 
661,1650198284.0, , , , , , , ,4.0, , 
662,1650198284.0, , , ,-2.75, , , , , , 
663,1650198284.0, , , , ,0.392157, , , , , 
664,1650198284.0, , , , , ,4.488,4.484, , , 
665,1650198284.0,0.0,0.0625, , , , , , , , 
666,1650198284.0, , ,-0.48, , , , , , , 
667,1650198284.0, , , , , , , ,4.0, , 
668,1650198284.0, , , ,-2.75, , , , , , 
669,1650198284.0, , , , ,0.392157, , , , , 
670,1650198284.0, , , , , ,4.492,4.48, , , 
671,1650198284.0,0.0625,0.0, , , , , , , , 
672,1650198284.0, , ,-0.6, , , , , , , 
673,1650198284.0, , , , , , , ,4.0, , 
674,1650198284.0, , , ,-2.75, , , , , , 
675,1650198284.0, , , , ,0.392157, , , , , 
676,1650198284.0,0.125,-0.1875, , , , , , , , 
677,1650198284.0, , , , , ,4.484,4.476, , , 
678,1650198284.0, , ,-0.552, , , , , , , 
679,1650198284.0, , , ,-2.75, , , , , , 
680,1650198284.0, , , , ,0.392157, , , , , 
681,1650198284.0, , , , , , , ,4.0, , 
682,1650198284.0, , , , , ,4.472,4.488, , , 
683,1650198284.0,0.25,-0.4375, , , , , , , , 
684,1650198284.0, , ,-0.408, , , , , , , 
685,1650198284.0, , , ,-2.75, , , , , , 
686,1650198284.0, , , , ,0.392157, , , , , 
687,1650198284.0, , , , , ,4.48,4.488, , , 
688,1650198284.0,0.25,-0.5, , , , , , , , 
689,1650198284.0, , ,-0.288, , , , , , , 
690,1650198284.0, , , , , , , ,4.0, , 
691,1650198284.0, , , , , , , , ,41.484375, 
692,1650198284.0, , , ,-2.75, , , , , , 
693,1650198284.0, , , , ,0.392157, , , , , 
694,1650198284.0, , , , , ,4.488,4.484, , , 
695,1650198284.0,0.0625,-0.375, , , , , , , , 
696,1650198284.0, , ,-0.288, , , , , , , 
697,1650198284.0, , , , , , , , , ,0.392157
698,1650198284.0, , , , , , , ,4.0, , 
699,1650198284.0, , , ,-2.75, , , , , , 
700,1650198284.0, , , , ,0.392157, , , , , 
701,1650198284.0, , , , , ,4.48,4.488, , , 
702,1650198284.0,0.0,-0.25, , , , , , , , 
703,1650198284.0, , ,-0.432, , , , , , , 
704,1650198284.0, , , , , , , ,4.0, , 
705,1650198284.0, , , ,-2.6875, , , , , , 
706,1650198284.0, , , , , , , , , , 
707,1650198284.0, , , , ,0.392157, , , , , 
708,1650198284.0, , , , , ,4.464,4.468, , , 
709,1650198284.0,-0.0625,0.0, , , , , , , , 
710,1650198284.0, , ,-0.576, , , , , , , 
711,1650198284.0, , , ,-2.6875, , , , , , 
712,1650198284.0, , , , , , , ,4.0, , 
713,1650198284.0, , , , ,0.392157, , , , , 
714,1650198284.0, , , , , ,4.468,4.488, , , 
715,1650198284.0,0.0,0.0, , , , , , , , 
716,1650198284.0, , ,-0.6, , , , , , , 
717,1650198284.0, , , ,-2.625, , , , , , 
718,1650198284.0, , , , ,0.392157, , , , , 
719,1650198284.0, , , , , ,4.472,4.48, , , 
720,1650198284.0,0.0625,0.0, , , , , , , , 
721,1650198284.0, , ,-0.552, , , , , , , 
722,1650198284.0, , , , , , , ,4.0, , 
723,1650198284.0, , , ,-2.625, , , , , , 
724,1650198284.0, , , , ,0.392157, , , , , 
725,1650198284.0, , , , , ,4.468,4.488, , , 
726,1650198284.0,0.125,-0.125, , , , , , , , 
727,1650198284.0, , ,-0.432, , , , , , , 
728,1650198284.0, , , , , , , ,4.0, , 
729,1650198284.0, , , , , , , , , , 
730,1650198284.0, , , ,-2.625, , , , , , 
731,1650198284.0, , , , ,0.392157, , , , , 
732,1650198284.0, , , , , ,4.472,4.484, , , 
733,1650198284.0,0.125,-0.3125, , , , , , , , 
734,1650198284.0, , ,-0.36, , , , , , , 
735,1650198284.0, , , , , , , ,4.0, , 
736,1650198284.0, , , ,-2.625, , , , , , 
737,1650198284.0, , , , ,0.392157, , , , , 
738,1650198284.0, , , , , ,4.468,4.472, , , 
739,1650198284.0,0.0,-0.4375, , , , , , , , 
740,1650198284.0, , ,-0.36, , , , , , , 
741,1650198284.0, , , ,-2.625, , , , , , 
742,1650198284.0, , , , , , , ,4.0, , 
743,1650198284.0, , , , ,0.392157, , , , , 
744,1650198284.0, , , , , ,4.476,4.48, , , 
745,1650198284.0,-0.125,-0.375, , , , , , , , 
746,1650198284.0, , ,-0.384, , , , , , , 
747,1650198284.0, , , ,-2.625, , , , , , 
748,1650198284.0, , , , ,0.392157, , , , , 
749,1650198284.0,-0.125,-0.3125, , , , , , , , 
750,1650198284.0, , , , , ,4.484,4.464, , , 
751,1650198284.0, , ,-0.384, , , , , , , 
752,1650198284.0, , , , , , , ,4.0, , 
753,1650198284.0, , , , , , , , ,41.5, 
754,1650198284.0, , , ,-2.625, , , , , , 
755,1650198284.0, , , , ,0.392157, , , , , 
756,1650198284.0, , , , , ,4.452,4.424, , , 
757,1650198284.0,0.0,-0.125, , , , , , , , 
758,1650198284.0, , ,-0.336, , , , , , , 
759,1650198284.0, , , , , , , , , ,0.392157
760,1650198284.0, , , , , , , ,4.0, , 
761,1650198284.0, , , ,-2.5625, , , , , , 
762,1650198284.0, , , , ,0.392157, , , , , 
763,1650198284.0, , , , , ,4.44,4.448, , , 
764,1650198284.0,0.0625,-0.0625, , , , , , , , 
765,1650198284.0, , ,-0.264, , , , , , , 
766,1650198284.0, , , , , , , ,4.0, , 
767,1650198284.0, , , ,-2.5, , , , , , 
768,1650198284.0, , , , ,0.392157, , , , , 
769,1650198284.0,0.1875,-0.1875, , , , , , , , 
770,1650198284.0, , , , , ,4.448,4.416, , , 
771,1650198284.0, , ,-0.216, , , , , , , 
772,1650198284.0, , , ,-2.5625, , , , , , 
773,1650198284.0, , , , , , , ,4.0, , 
774,1650198284.0, , , , ,0.392157, , , , , 
775,1650198284.0,0.1875,-0.375, , , , , , , , 
776,1650198284.0, , , , , ,4.4,4.4, , , 
777,1650198284.0, , ,-0.192, , , , , , , 
778,1650198284.0, , , ,-2.5625, , , , , , 
779,1650198284.0, , , , ,0.392157, , , , , 
780,1650198284.0,0.125,-0.4375, , , , , , , , 
781,1650198284.0, , , , , ,4.428,4.452, , , 
782,1650198284.0, , ,-0.216, , , , , , , 
783,1650198284.0, , , , , , , ,4.0, , 
784,1650198284.0, , , ,-2.5625, , , , , , 
785,1650198284.0, , , , ,0.392157, , , , , 
786,1650198284.0, , , , , ,4.452,4.464, , , 
787,1650198284.0,0.0,-0.4375, , , , , , , , 
788,1650198284.0, , ,-0.24, , , , , , , 
789,1650198284.0, , , , , , , ,4.0, , 
790,1650198284.0, , , ,-2.5625, , , , , , 
791,1650198284.0, , , , ,0.392157, , , , , 
792,1650198284.0, , , , , ,4.476,4.472, , , 
793,1650198284.0,0.0,-0.4375, , , , , , , , 
794,1650198284.0, , ,-0.288, , , , , , , 
795,1650198284.0, , , , , , , ,4.0, , 
796,1650198284.0, , , ,-2.5625, , , , , , 
797,1650198284.0, , , , ,0.392157, , , , , 
798,1650198284.0,0.0,-0.25, , , , , , , , 
799,1650198284.0, , , , , ,4.492,4.504, , , 
800,1650198284.0, , ,-0.336, , , , , , , 
801,1650198284.0, , , ,-2.5, , , , , , 
802,1650198284.0, , , , , , , ,4.0, , 
803,1650198284.0, , , , ,0.392157, , , , , 
804,1650198284.0, , , , , ,4.504,4.496, , , 
805,1650198284.0,0.0625,-0.0625, , , , , , , , 
806,1650198284.0, , ,-0.336, , , , , , , 
807,1650198284.0, , , ,-2.5, , , , , , 
808,1650198284.0, , , , ,0.392157, , , , , 
809,1650198284.0, , , , , ,4.5,4.48, , , 
810,1650198284.0,0.1875,-0.0625, , , , , , , , 
811,1650198284.0, , ,-0.288, , , , , , , 
812,1650198284.0, , , , , , , ,4.0, , 
813,1650198284.0, , , , , , , , ,41.328125, 
814,1650198284.0, , , ,-2.5, , , , , , 
815,1650198284.0, , , , ,0.392157, , , , , 
816,1650198284.0, , , , , ,4.492,4.472, , , 
817,1650198284.0,0.25,-0.125, , , , , , , , 
818,1650198284.0, , ,-0.288, , , , , , , 
819,1650198284.0, , , , , , , , , ,0.392157
820,1650198284.0, , , , , , , ,4.0, , 
821,1650198284.0, , , ,-2.5, , , , , , 
822,1650198284.0, , , , ,0.392157, , , , , 
823,1650198284.0, , , , , ,4.464,4.448, , , 
824,1650198284.0,0.3125,-0.1875, , , , , , , , 
825,1650198284.0, , ,-0.264, , , , , , , 
826,1650198284.0, , , , , , , ,4.0, , 
827,1650198284.0, , , ,-2.5625, , , , , , 
828,1650198284.0, , , , ,0.392157, , , , , 
829,1650198284.0,0.25,-0.3125, , , , , , , , 
830,1650198284.0, , , , , ,4.452,4.448, , , 
831,1650198284.0, , ,-0.288, , , , , , , 
832,1650198284.0, , , ,-2.5625, , , , , , 
833,1650198284.0, , , , , , , ,4.0, , 
834,1650198284.0, , , , ,0.392157, , , , , 
835,1650198284.0, , , , , ,4.452,4.468, , , 
836,1650198284.0,0.0625,-0.375, , , , , , , , 
837,1650198284.0, , ,-0.312, , , , , , , 
838,1650198284.0, , , ,-2.5, , , , , , 
839,1650198284.0, , , , ,0.392157, , , , , 
840,1650198284.0, , , , , ,4.456,4.476, , , 
841,1650198284.0,0.0,-0.3125, , , , , , , , 
842,1650198284.0, , ,-0.336, , , , , , , 
843,1650198284.0, , , , , , , ,4.0, , 
844,1650198284.0, , , ,-2.5, , , , , , 
845,1650198284.0, , , , ,0.392157, , , , , 
846,1650198284.0, , , , , ,4.472,4.472, , , 
847,1650198284.0,0.0,-0.1875, , , , , , , , 
848,1650198284.0, , ,-0.312, , , , , , , 
849,1650198284.0, , , , , , , ,4.0, , 
850,1650198284.0, , , ,-2.5, , , , , , 
851,1650198284.0, , , , ,0.392157, , , , , 
852,1650198284.0, , , , , ,4.488,4.472, , , 
853,1650198284.0,0.125,0.0, , , , , , , , 
854,1650198284.0, , ,-0.288, , , , , , , 
855,1650198284.0, , , , , , , ,4.0, , 
856,1650198284.0, , , , , , , , , , 
857,1650198284.0, , , ,-2.5, , , , , , 
858,1650198284.0, , , , ,0.392157, , , , , 
859,1650198284.0, , , , , ,4.488,4.468, , , 
860,1650198284.0,0.25,0.0, , , , , , , , 
861,1650198284.0, , ,-0.264, , , , , , , 
862,1650198284.0, , , ,-2.5, , , , , , 
863,1650198284.0, , , , , , , ,4.0, , 
864,1650198284.0, , , , ,0.392157, , , , , 
865,1650198284.0, , , , , ,4.488,4.464, , , 
866,1650198284.0,0.1875,-0.125, , , , , , , , 
867,1650198284.0, , ,-0.264, , , , , , , 
868,1650198284.0, , , ,-2.5, , , , , , 
869,1650198284.0, , , , ,0.392157, , , , , 
870,1650198284.0,0.125,-0.25, , , , , , , , 
871,1650198284.0, , , , , ,4.468,4.468, , , 
872,1650198284.0, , ,-0.264, , , , , , , 
873,1650198284.0, , , , , , , ,4.0, , 
874,1650198284.0, , , , , , , , ,41.234375, 
875,1650198285.0, , , ,-2.5625, , , , , , 
876,1650198285.0, , , , ,0.392157, , , , , 
877,1650198285.0, , , , , ,4.452,4.476, , , 
878,1650198285.0,0.0625,-0.3125, , , , , , , , 
879,1650198285.0, , ,-0.264, , , , , , , 
880,1650198285.0, , , , , , , , , ,0.392157
881,1650198285.0, , , , , , , ,4.0, , 
882,1650198285.0, , , , , , , , , , 
883,1650198285.0, , , ,-2.5, , , , , , 
884,1650198285.0, , , , ,0.392157, , , , , 
885,1650198285.0, , , , , ,4.452,4.464, , , 
886,1650198285.0,0.0,-0.3125, , , , , , , , 
887,1650198285.0, , ,-0.216, , , , , , , 
888,1650198285.0, , , , , , , ,4.0, , 
889,1650198285.0, , , ,-2.5, , , , , , 
890,1650198285.0, , , , ,0.392157, , , , , 
891,1650198285.0, , , , , ,4.456,4.468, , , 
892,1650198285.0,0.0,-0.25, , , , , , , , 
893,1650198285.0, , ,-0.144, , , , , , , 
894,1650198285.0, , , ,-2.5, , , , , , 
895,1650198285.0, , , , , , , ,4.0, , 
896,1650198285.0, , , , ,0.392157, , , , , 
897,1650198285.0,0.0,-0.1875, , , , , , , , 
898,1650198285.0, , , , , ,4.468,4.464, , , 
899,1650198285.0, , ,-0.144, , , , , , , 
900,1650198285.0, , , ,-2.5, , , , , , 
901,1650198285.0, , , , ,0.392157, , , , , 
902,1650198285.0, , , , , ,4.468,4.46, , , 
903,1650198285.0,0.0,-0.125, , , , , , , , 
904,1650198285.0, , ,-0.192, , , , , , , 
905,1650198285.0, , , , , , , ,4.0, , 
906,1650198285.0, , , ,-2.5625, , , , , , 
907,1650198285.0, , , , ,0.392157, , , , , 
908,1650198285.0, , , , , ,4.452,4.464, , , 
909,1650198285.0,0.0,-0.125, , , , , , , , 
910,1650198285.0, , ,-0.312, , , , , , , 
911,1650198285.0, , , , , , , ,4.0, , 
912,1650198285.0, , , ,-2.5625, , , , , , 
913,1650198285.0, , , , ,0.392157, , , , , 
914,1650198285.0, , , , , ,4.46,4.46, , , 
915,1650198285.0,0.0,-0.125, , , , , , , , 
916,1650198285.0, , ,-0.408, , , , , , , 
917,1650198285.0, , , , , , , ,4.0, , 
918,1650198285.0, , , ,-2.5625, , , , , , 
919,1650198285.0, , , , ,0.392157, , , , , 
920,1650198285.0, , , , , ,4.456,4.468, , , 
921,1650198285.0,0.0,-0.1875, , , , , , , , 
922,1650198285.0, , ,-0.432, , , , , , , 
923,1650198285.0, , , ,-2.5625, , , , , , 
924,1650198285.0, , , , , , , ,4.0, , 
925,1650198285.0, , , , ,0.392157, , , , , 
926,1650198285.0,0.0,-0.25, , , , , , , , 
927,1650198285.0, , , , , ,4.464,4.468, , , 
928,1650198285.0, , ,-0.384, , , , , , , 
929,1650198285.0, , , ,-2.5625, , , , , , 
930,1650198285.0, , , , ,0.392157, , , , , 
931,1650198285.0,0.0625,-0.3125, , , , , , , , 
932,1650198285.0, , , , , ,4.48,4.468, , , 
933,1650198285.0, , ,-0.336, , , , , , , 
934,1650198285.0, , , , , , , ,4.0, , 
935,1650198285.0, , , , , , , , ,41.265625, 
936,1650198285.0, , , ,-2.5, , , , , , 
937,1650198285.0, , , , ,0.392157, , , , , 
938,1650198285.0, , , , , ,4.468,4.468, , , 
939,1650198285.0,0.125,-0.3125, , , , , , , , 
940,1650198285.0, , ,-0.288, , , , , , , 
941,1650198285.0, , , , , , , , , ,0.392157
942,1650198285.0, , , , , , , ,4.0, , 
943,1650198285.0, , , ,-2.5, , , , , , 
944,1650198285.0, , , , ,0.392157, , , , , 
945,1650198285.0, , , , , ,4.48,4.456, , , 
946,1650198285.0,0.1875,-0.1875, , , , , , , , 
947,1650198285.0, , ,-0.264, , , , , , , 
948,1650198285.0, , , , , , , ,4.0, , 
949,1650198285.0, , , ,-2.375, , , , , , 
950,1650198285.0, , , , ,0.392157, , , , , 
951,1650198285.0, , , , , ,4.468,4.456, , , 
952,1650198285.0,0.1875,-0.125, , , , , , , , 
953,1650198285.0, , ,-0.288, , , , , , , 
954,1650198285.0, , , ,-2.4375, , , , , , 
955,1650198285.0, , , , , , , ,4.0, , 
956,1650198285.0, , , , ,0.392157, , , , , 
957,1650198285.0, , , , , ,4.452,4.46, , , 
958,1650198285.0,0.25,-0.125, , , , , , , , 
959,1650198285.0, , ,-0.36, , , , , , , 
960,1650198285.0, , , ,-2.375, , , , , , 
961,1650198285.0, , , , ,0.392157, , , , , 
962,1650198285.0, , , , , ,4.452,4.456, , , 
963,1650198285.0,0.1875,-0.25, , , , , , , , 
964,1650198285.0, , ,-0.408, , , , , , , 
965,1650198285.0, , , , , , , ,4.0, , 
966,1650198285.0, , , ,-2.4375, , , , , , 
967,1650198285.0, , , , ,0.392157, , , , , 
968,1650198285.0, , , , , ,4.428,4.456, , , 
969,1650198285.0,0.125,-0.3125, , , , , , , , 
970,1650198285.0, , ,-0.384, , , , , , , 
971,1650198285.0, , , , , , , ,4.0, , 
972,1650198285.0, , , ,-2.375, , , , , , 
973,1650198285.0, , , , ,0.392157, , , , , 
974,1650198285.0, , , , , ,4.428,4.456, , , 
975,1650198285.0,0.0625,-0.3125, , , , , , , , 
976,1650198285.0, , ,-0.336, , , , , , , 
977,1650198285.0, , , , , , , ,4.0, , 
978,1650198285.0, , , ,-2.375, , , , , , 
979,1650198285.0, , , , ,0.392157, , , , , 
980,1650198285.0, , , , , ,4.448,4.456, , , 
981,1650198285.0,0.0625,-0.3125, , , , , , , , 
982,1650198285.0, , ,-0.312, , , , , , , 
983,1650198285.0, , , ,-2.375, , , , , , 
984,1650198285.0, , , , , , , ,4.0, , 
985,1650198285.0, , , , ,0.392157, , , , , 
986,1650198285.0, , , , , ,4.456,4.464, , , 
987,1650198285.0,0.125,-0.375, , , , , , , , 
988,1650198285.0, , ,-0.336, , , , , , , 
989,1650198285.0, , , ,-2.375, , , , , , 
990,1650198285.0, , , , ,0.392157, , , , , 
991,1650198285.0,0.1875,-0.3125, , , , , , , , 
992,1650198285.0, , , , , ,4.472,4.46, , , 
993,1650198285.0, , ,-0.36, , , , , , , 
994,1650198285.0, , , , , , , ,4.0, , 
995,1650198285.0, , , , , , , , ,41.4375, 
996,1650198285.0, , , ,-2.375, , , , , , 
997,1650198285.0, , , , ,0.392157, , , , , 
